codigo,label_pt,dominio_num,dominio,classe_num,classe,definicao,status
00002,Nutrição desequilibrada: menor do que as necessidades corporais,,Nutrição,,,,Retirado em edição anterior à 2024-2026 (não consta no PDF)
00004,Risco de infecção,11,Segurança/proteção,1,Infecção,Suscetibilidade à invasão e multiplicação de organismos patogênicos.,Ativo na NANDA-I 2024-2026
00007,Hipertermia,11,Segurança/proteção,6,Termorregulação,"Elevação anormal da temperatura corporal, geralmente como resultado da inabilidade de regular a temperatura corporal central devido a fatores não patológicos. [Consulte critérios de estadiamento.]",Ativo na NANDA-I 2024-2026
00008,Termorregulação ineficaz,11,Segurança/proteção,6,Termorregulação,Inabilidade de manter ou regular a temperatura corporal dentro de uma faixa de normalidade.,Ativo na NANDA-I 2024-2026
00010,Risco de disreflexia autonômica,9,Enfrentamento/tolerância ao estresse,3,Respostas neurocomportamentais,"Suscetibilidade a uma resposta não inibida do sistema nervoso simpático, que representa uma ameaça à vida, pós-choque medular, em indivíduo com lesão de medula espinal ou lesão na sexta vértebra torácica (T6) ou acima (foi demonstrada em pacientes com lesões na sétima vértebra torácica [T7] e na oitava vértebra torácica [T8]).",Ativo na NANDA-I 2024-2026
00011,Constipação,,Eliminação e troca,,,,Retirado na 2024-2026 (sintoma; integrado a outros diagnósticos)
00015,Risco de constipação,,Eliminação e troca,,,,Retirado na 2024-2026; representado por 00346 Risco de eliminação intestinal prejudicada
00016,Eliminação urinária prejudicada,3,Eliminação e troca,1,Função urinária,Inabilidade de excretar de forma efetiva fluidos e resíduos armazenados na bexiga pela uretra.,Ativo na NANDA-I 2024-2026
00017,Incontinência urinária de esforço,3,Eliminação e troca,1,Função urinária,"Perda involuntária de urina com atividades que aumentam a pressão intra-abdominal, não associada a urgência para urinar.",Ativo na NANDA-I 2024-2026
00019,Incontinência urinária de urgência,3,Eliminação e troca,1,Função urinária,Perda involuntária de urina associada a um desejo abrupto e intenso de urinar.,Ativo na NANDA-I 2024-2026
00022,Risco de incontinência urinária de urgência,3,Eliminação e troca,1,Função urinária,Suscetibilidade à perda involuntária de urina associada a um desejo abrupto e intenso de urinar.,Ativo na NANDA-I 2024-2026
00023,Retenção urinária,,Eliminação e troca,,,,Retirado na 2024-2026
00024,Perfusão tissular periférica ineficaz,,Atividade/repouso,,,,Retirado em edição anterior à 2024-2026 (não consta no PDF)
00025,Risco de volume de líquidos desequilibrado,,Nutrição,,,,Retirado em edição anterior à 2024-2026 (não consta no PDF)
00026,Volume de líquidos excessivo,2,Nutrição,5,Hidratação,Retenção excessiva de líquido intracelular e/ou extracelular.,Ativo na NANDA-I 2024-2026
00027,Volume de líquidos deficiente,,Nutrição,,,,Retirado em edição anterior à 2024-2026 (não consta no PDF)
00030,Troca de gases prejudicada,3,Eliminação e troca,4,Função respiratória,Excesso ou inadequação na oxigenação e/ou na eliminação de dióxido de carbono.,Ativo na NANDA-I 2024-2026
00031,Desobstrução ineficaz das vias aéreas,11,Segurança/proteção,2,Lesão física,Habilidade reduzida de eliminar secreções ou obstruções do trato respiratório para manter o fluxo de ar.,Ativo na NANDA-I 2024-2026
00032,Padrão respiratório ineficaz,4,Atividade/repouso,4,Respostas cardiovasculares/pulmonares,Dificuldade em manter a ventilação adequada durante a inspiração e/ou a expiração.,Ativo na NANDA-I 2024-2026
00033,Ventilação espontânea prejudicada,4,Atividade/repouso,4,Respostas cardiovasculares/pulmonares,Incapacidade de iniciar e/ou manter respiração independente que é adequada para sustentação da vida.,Ativo na NANDA-I 2024-2026
00039,Risco de aspiração,11,Segurança/proteção,2,Lesão física,"Suscetibilidade à entrada de secreções gastrintestinais, secreções orofaríngeas, sólidos ou líquidos nas vias traqueobrônquicas.",Ativo na NANDA-I 2024-2026
00040,Risco de síndrome do desuso,,Atividade/repouso,,,,Retirado na 2024-2026
00042,Risco de reação alérgica ao látex,11,Segurança/proteção,5,Processos defensivos,Suscetibilidade a uma resposta imunológica excessiva a produtos de borracha de látex natural ou alimentos reativos ao látex.,Ativo na NANDA-I 2024-2026
00044,Integridade tissular prejudicada,11,Segurança/proteção,2,Lesão física,"Dano em mucosa, córnea, sistema tegumentar, fáscia muscular, músculo, tendão, vasos sanguíneos, tecido linfático, osso, cartilagem, cápsula articular e/ou ligamento.",Ativo na NANDA-I 2024-2026
00045,Integridade da mucosa oral prejudicada,11,Segurança/proteção,2,Lesão física,"Dano localizado nos lábios, tecidos moles, cavidade oral e/ou orofaringe.",Ativo na NANDA-I 2024-2026
00046,Integridade da pele prejudicada,11,Segurança/proteção,2,Lesão física,Dano à epiderme e/ou à derme.,Ativo na NANDA-I 2024-2026
00047,Risco de integridade da pele prejudicada,11,Segurança/proteção,2,Lesão física,Suscetibilidade a dano à epiderme e/ou à derme.,Ativo na NANDA-I 2024-2026
00051,Comunicação verbal prejudicada,5,Percepção/cognição,5,Comunicação,"Limitação ou ausência da habilidade de receber, processar, transmitir e/ou usar um sistema de símbolos.",Ativo na NANDA-I 2024-2026
00052,Interação social prejudicada,7,Papéis e relacionamentos,3,Desempenho de papéis,Quantidade inadequada/excessiva ou qualidade inadequada de intercâmbio social.,Ativo na NANDA-I 2024-2026
00055,Desempenho de papel ineficaz,7,Papéis e relacionamentos,3,Desempenho de papéis,"Padrão de comportamento e autoexpressão que não combina com o contexto, as normas e as expectativas do ambiente.",Ativo na NANDA-I 2024-2026
00068,Disposição para bem-estar espiritual melhorado,10,Princípios da vida,3,Coerência entre valores/crenças/atos,"Padrão de integração de significado e propósito à vida por meio de conexões consigo mesmo, com os outros, com o mundo e/ou com um poder maior que si mesmo, que pode ser fortalecido.",Ativo na NANDA-I 2024-2026
00075,Disposição para enfrentamento familiar melhorado,9,Enfrentamento/tolerância ao estresse,2,Respostas de enfrentamento,"Padrão de esforços cognitivos e/ou comportamentais da família para manejar uma situação estressante ou desagradável, que pode ser fortalecido.",Ativo na NANDA-I 2024-2026
00076,Disposição para enfrentamento melhorado da comunidade,9,Enfrentamento/tolerância ao estresse,2,Respostas de enfrentamento,"Padrão de atividades da comunidade para adaptação e resolução de problemas que atende às demandas ou necessidades da comunidade, que pode ser fortalecido.",Ativo na NANDA-I 2024-2026
00080,Gestão ineficaz da saúde familiar,1,Promoção da saúde,2,Gestão da saúde,"Manejo insatisfatório de sintomas, regime terapêutico e mudanças no estilo de vida para atender às metas específicas de saúde da unidade familiar.",Ativo na NANDA-I 2024-2026
00085,Mobilidade física prejudicada,4,Atividade/repouso,2,Atividade/exercício,Limitação do movimento independente e intencional do corpo ou de uma ou mais extremidades.,Ativo na NANDA-I 2024-2026
00087,Risco de lesão por posicionamento perioperatório,11,Segurança/proteção,2,Lesão física,Suscetibilidade a danos corporais inadvertidos devido à postura ou ao equipamento de posicionamento necessários durante um procedimento invasivo e/ ou cirúrgico.,Ativo na NANDA-I 2024-2026
00089,Mobilidade prejudicada com cadeira de rodas,4,Atividade/repouso,2,Atividade/exercício,Limitação na operação de uma cadeira de rodas de forma independente pelo ambiente.,Ativo na NANDA-I 2024-2026
00091,Mobilidade no leito prejudicada,4,Atividade/repouso,2,Atividade/exercício,Limitação do movimento independente de uma posição para outra no leito.,Ativo na NANDA-I 2024-2026
00092,Intolerância à atividade,,Atividade/repouso,,,,Renomeado para 00298 Tolerância à atividade diminuída
00095,Insônia,,Atividade/repouso,,,,Retirado na 2024-2026; representado por 00337 Padrão de sono ineficaz
00097,Engajamento diminuído em atividades de recreação,1,Promoção da saúde,1,Percepção da saúde,"Estimulação, interesse ou participação reduzidos em atividades recreativas ou de lazer.",Ativo na NANDA-I 2024-2026
00102,Déficit no autocuidado para alimentação,,Atividade/repouso,,,,Retirado em edição anterior à 2024-2026 (não consta no PDF)
00103,Deglutição prejudicada,2,Nutrição,1,Ingestão,Processo enfraquecido ou deteriorado de movimentação de substâncias da boca para o estômago.,Ativo na NANDA-I 2024-2026
00108,Déficit no autocuidado para banho,,Atividade/repouso,,,,Retirado em edição anterior à 2024-2026 (não consta no PDF)
00109,Déficit no autocuidado para vestir-se,,Atividade/repouso,,,,Retirado em edição anterior à 2024-2026 (não consta no PDF)
00110,Déficit no autocuidado para higiene íntima,,Atividade/repouso,,,,Retirado em edição anterior à 2024-2026 (não consta no PDF)
00126,Conhecimento deficiente,,Percepção/cognição,,,,Retirado na 2024-2026 (revisado para refletir 'conhecimento em saúde')
00128,Confusão aguda,5,Percepção/cognição,4,Cognição,"Alterações reversíveis de consciência, atenção, cognição e percepção que surgem em um período de tempo breve, com duração inferior a 3 meses.",Ativo na NANDA-I 2024-2026
00129,Confusão crônica,5,Percepção/cognição,4,Cognição,"Alterações irreversíveis, progressivas e insidiosas de consciência, atenção, cognição e percepção, com duração superior a 3 meses.",Ativo na NANDA-I 2024-2026
00131,Memória prejudicada,5,Percepção/cognição,4,Cognição,"Inabilidade persistente de adquirir, recordar ou recuperar partes de informações ou habilidades, com manutenção da habilidade de realizar atividades da vida diária de forma independente.",Ativo na NANDA-I 2024-2026
00132,Dor aguda,12,Conforto,1,Conforto físico,"Experiência sensorial e emocional desagradável, associada ou semelhante à associada a um dano tecidual real ou potencial, com duração inferior a 3 meses. [International Association for the Study of Pain, 2020.]",Ativo na NANDA-I 2024-2026
00133,Dor crônica,12,Conforto,1,Conforto físico,"Experiência sensorial e emocional desagradável, associada ou semelhante à associada a um dano tecidual real ou potencial, com duração superior a 3 meses. [International Association for the Study of Pain, 2020.]",Ativo na NANDA-I 2024-2026
00138,Risco de violência direcionada a outros,11,Segurança/proteção,3,Violência,"Suscetibilidade a comportamento física, emocional e/ou sexualmente prejudicial a outra pessoa.",Ativo na NANDA-I 2024-2026
00141,Síndrome pós-trauma,9,Enfrentamento/tolerância ao estresse,1,Respostas pós-trauma,Resposta desadaptativa sustentada a um evento traumático e opressivo.,Ativo na NANDA-I 2024-2026
00145,Risco de síndrome pós-trauma,9,Enfrentamento/tolerância ao estresse,1,Respostas pós-trauma,Suscetibilidade a resposta desadaptativa sustentada a um evento traumático e opressivo.,Ativo na NANDA-I 2024-2026
00146,Ansiedade,,Enfrentamento/tolerância ao estresse,,,,Retirado na 2024-2026; representado por 00400 Ansiedade excessiva
00155,Risco de quedas,,Segurança/proteção,,,,Renomeado para 00303 Risco de quedas no adulto
00156,Risco de morte súbita do lactente,11,Segurança/proteção,2,Lesão física,Suscetibilidade a uma morte abrupta e inexplicável em crianças aparentemente saudáveis com menos de 1 ano de idade.,Ativo na NANDA-I 2024-2026
00158,Disposição para enfrentamento melhorado,9,Enfrentamento/tolerância ao estresse,2,Respostas de enfrentamento,"Padrão de esforços cognitivos e/ou comportamentais para manejar uma situação estressante ou desagradável, que pode ser fortalecido.",Ativo na NANDA-I 2024-2026
00159,Disposição para processos familiares melhorados,7,Papéis e relacionamentos,2,Relações familiares,"Padrão de relações familiares que sustentam o bem-estar de seus membros, que pode ser fortalecido.",Ativo na NANDA-I 2024-2026
00167,Disposição para autoconceito melhorado,6,Autopercepção,1,Autoconceito,"Padrão de percepções ou ideias sobre si mesmo, que pode ser fortalecido.",Ativo na NANDA-I 2024-2026
00169,Religiosidade prejudicada,10,Princípios da vida,3,Coerência entre valores/crenças/atos,"Comprometimento diminuído com crenças, princípios e atividades baseados na fé.",Ativo na NANDA-I 2024-2026
00170,Risco de religiosidade prejudicada,10,Princípios da vida,3,Coerência entre valores/crenças/atos,"Suscetibilidade a comprometimento diminuído com crenças, princípios e atividades baseados na fé.",Ativo na NANDA-I 2024-2026
00171,Disposição para religiosidade melhorada,10,Princípios da vida,3,Coerência entre valores/crenças/atos,"Padrão de comprometimento com crenças, princípios e atividades baseados na fé, que pode ser fortalecido.",Ativo na NANDA-I 2024-2026
00173,Risco de confusão aguda,5,Percepção/cognição,4,Cognição,"Suscetibilidade a alterações reversíveis de consciência, atenção, cognição e percepção que surgem em um período de tempo breve.",Ativo na NANDA-I 2024-2026
00175,Sofrimento moral,10,Princípios da vida,3,Coerência entre valores/crenças/atos,Resposta à inabilidade de colocar em prática as decisões e/ou ações éticas ou morais escolhidas. Característica definidora Angústia relativa a agir conforme a própria escolha moral,Ativo na NANDA-I 2024-2026
00180,Risco de contaminação,11,Segurança/proteção,4,Riscos ambientais,Suscetibilidade à exposição a substâncias nocivas no ambiente em níveis que podem causar efeitos adversos à saúde.,Ativo na NANDA-I 2024-2026
00181,Contaminação,11,Segurança/proteção,4,Riscos ambientais,Exposição a substâncias nocivas no ambiente em níveis que podem causar efeitos adversos à saúde.,Ativo na NANDA-I 2024-2026
00184,Disposição para tomada de decisão melhorada,5,Percepção/cognição,4,Cognição,"Padrão de escolhas que afetam as metas relacionadas à saúde, o bem-estar e a qualidade de vida, que pode ser fortalecido.",Ativo na NANDA-I 2024-2026
00185,Disposição para esperança melhorada,9,Enfrentamento/tolerância ao estresse,2,Respostas de enfrentamento,"Padrão de expectativas e desejos de mobilização de energias para alcançar resultados positivos, que pode ser fortalecido.",Ativo na NANDA-I 2024-2026
00194,Hiperbilirrubinemia neonatal,2,Nutrição,4,Metabolismo,Acúmulo de bilirrubina não conjugada na circulação acima do percentil 95 para a idade durante a primeira semana de vida.,Ativo na NANDA-I 2024-2026
00201,Risco de perfusão tissular cerebral ineficaz,4,Atividade/repouso,4,Respostas cardiovasculares/pulmonares,Suscetibilidade a uma diminuição da circulação sanguínea para o cérebro.,Ativo na NANDA-I 2024-2026
00204,Perfusão tissular periférica ineficaz,4,Atividade/repouso,4,Respostas cardiovasculares/pulmonares,Diminuição da circulação sanguínea para as extremidades.,Ativo na NANDA-I 2024-2026
00205,Risco de choque,11,Segurança/proteção,2,Lesão física,Suscetibilidade a uma condição manifestada por falha na perfusão ou oxigenação de órgãos vitais.,Ativo na NANDA-I 2024-2026
00208,Disposição para processo perinatológico melhorado,7,Papéis e relacionamentos,3,Desempenho de papéis,"Padrão de manutenção e preparo para processos saudáveis de gestação, parto e cuidados ao recém-nascido de forma a assegurar o bem-estar, que pode ser fortalecido.",Ativo na NANDA-I 2024-2026
00210,Resiliência prejudicada,9,Enfrentamento/tolerância ao estresse,2,Respostas de enfrentamento,Habilidade reduzida para recuperar-se de situações que são percebidas como adversas ou que estão se modificando.,Ativo na NANDA-I 2024-2026
00211,Risco de resiliência prejudicada,9,Enfrentamento/tolerância ao estresse,2,Respostas de enfrentamento,Suscetibilidade à habilidade reduzida para recuperar-se de situações que são percebidas como adversas ou que estão se modificando.,Ativo na NANDA-I 2024-2026
00212,Disposição para resiliência melhorada,9,Enfrentamento/tolerância ao estresse,2,Respostas de enfrentamento,"Padrão de habilidade para recuperar-se de situações que são percebidas como adversas ou que estão se modificando, que pode ser fortalecido.",Ativo na NANDA-I 2024-2026
00217,Risco de reação alérgica,11,Segurança/proteção,5,Processos defensivos,Suscetibilidade a uma resposta imunológica excessiva a alérgenos.,Ativo na NANDA-I 2024-2026
00219,Risco de ressecamento ocular,11,Segurança/proteção,2,Lesão física,"Suscetibilidade a filme lacrimal persistentemente instável e/ou deficiente, causando desconforto e/ou prejuízo visual.",Ativo na NANDA-I 2024-2026
00221,Processo perinatológico ineficaz,7,Papéis e relacionamentos,3,Desempenho de papéis,"Inabilidade de manter e/ou preparar-se para processos saudáveis de gestação, parto e cuidados ao recémnascido de forma a assegurar o bem-estar.",Ativo na NANDA-I 2024-2026
00222,Controle de impulsos ineficaz,5,Percepção/cognição,4,Cognição,"Padrão de reações insatisfatórias, rápidas, não planejadas e incontroláveis a estímulos internos ou externos sem considerar as consequências negativas.",Ativo na NANDA-I 2024-2026
00227,Risco de processo perinatológico ineficaz,7,Papéis e relacionamentos,3,Desempenho de papéis,"Suscetibilidade à inabilidade de manter e/ou preparar-se para processos saudáveis de gestação, parto e cuidados ao recém-nascido de forma a assegurar o bem-estar.",Ativo na NANDA-I 2024-2026
00228,Risco de perfusão tissular periférica ineficaz,4,Atividade/repouso,4,Respostas cardiovasculares/pulmonares,Suscetibilidade a uma diminuição da circulação sanguínea para as extremidades.,Ativo na NANDA-I 2024-2026
00230,Risco de hiperbilirrubinemia neonatal,2,Nutrição,4,Metabolismo,Suscetibilidade a acúmulo de bilirrubina não conjugada na circulação acima do percentil 95 para a idade durante a primeira semana de vida.,Ativo na NANDA-I 2024-2026
00235,Constipação funcional crônica,3,Eliminação e troca,2,Função gastrintestinal,Evacuação das fezes infrequente ou difícil por um período prolongado de tempo.,Ativo na NANDA-I 2024-2026
00236,Risco de constipação funcional crônica,3,Eliminação e troca,2,Função gastrintestinal,Suscetibilidade a evacuação das fezes infrequente ou difícil por um período prolongado de tempo.,Ativo na NANDA-I 2024-2026
00240,Risco de débito cardíaco diminuído,4,Atividade/repouso,4,Respostas cardiovasculares/pulmonares,Suscetibilidade a bombeamento cardíaco de volume sanguíneo insuficiente para atender às demandas metabólicas em indivíduos com problemas cardiovasculares e/ou pulmonares ou trauma.,Ativo na NANDA-I 2024-2026
00241,Regulação do humor prejudicada,9,Enfrentamento/tolerância ao estresse,3,Respostas neurocomportamentais,"Estado mental caracterizado por mudanças no humor ou no afeto constituído de uma série de manifestações afetivas, cognitivas, somáticas, fisiológicas e/ou comportamentais.",Ativo na NANDA-I 2024-2026
00242,Tomada de decisão emancipada prejudicada,5,Percepção/cognição,4,Cognição,"Processo de escolha sobre cuidados de saúde que não inclui conhecimento pessoal e/ou consideração de normas sociais, ou que não ocorre em ambiente flexível, resultando em insatisfação com a decisão.",Ativo na NANDA-I 2024-2026
00243,Disposição para tomada de decisão emancipada melhorada,5,Percepção/cognição,4,Cognição,"Padrão de escolha sobre cuidados de saúde que inclui conhecimento pessoal e/ou consideração de normas sociais, que pode ser fortalecido.",Ativo na NANDA-I 2024-2026
00244,Risco de tomada de decisão emancipada prejudicada,5,Percepção/cognição,4,Cognição,"Suscetibilidade a processo de escolha sobre cuidados de saúde que não inclui conhecimento pessoal e/ou consideração de normas sociais, ou que não ocorre em ambiente flexível, resultando em insatisfação com a decisão.",Ativo na NANDA-I 2024-2026
00245,Risco de lesão na córnea,11,Segurança/proteção,2,Lesão física,Suscetibilidade a dano ou trauma infligidos à superfície frontal clara do olho por meios externos.,Ativo na NANDA-I 2024-2026
00247,Risco de integridade da mucosa oral prejudicada,11,Segurança/proteção,2,Lesão física,"Suscetibilidade a dano localizado nos lábios, tecidos moles, cavidade bucal e/ ou orofaringe.",Ativo na NANDA-I 2024-2026
00248,Risco de integridade tissular prejudicada,11,Segurança/proteção,2,Lesão física,"Suscetibilidade a dano em mucosa, córnea, sistema tegumentar, fáscia muscular, músculo, tendão, vasos sanguíneos, tecido linfático, osso, cartilagem, cápsula articular e/ou ligamento.",Ativo na NANDA-I 2024-2026
00250,Risco de lesão do trato urinário,11,Segurança/proteção,2,Lesão física,Suscetibilidade a dano inadvertido às estruturas geniturinárias inferiores.,Ativo na NANDA-I 2024-2026
00255,Síndrome da dor crônica,12,Conforto,1,Conforto físico,Dor recorrente ou persistente há no mínimo 3 meses e que afeta significativamente o funcionamento diário ou o bem-estar.,Ativo na NANDA-I 2024-2026
00256,Dor no trabalho de parto,12,Conforto,1,Conforto físico,"Experiência sensorial e emocional, que varia de agradável a desagradável, associada ao trabalho de parto e ao processo de nascimento da criança.",Ativo na NANDA-I 2024-2026
00258,Síndrome de abstinência de substâncias aguda,9,Enfrentamento/tolerância ao estresse,3,Respostas neurocomportamentais,Sequelas multifatoriais graves após a cessação repentina de uma substância aditiva.,Ativo na NANDA-I 2024-2026
00259,Risco de síndrome de abstinência de substâncias aguda,9,Enfrentamento/tolerância ao estresse,3,Respostas neurocomportamentais,Suscetibilidade a sequelas multifatoriais graves após a cessação repentina de uma substância aditiva. Fator de risco Desenvolvimento de dependência de substância aditiva,Ativo na NANDA-I 2024-2026
00262,Disposição para letramento em saúde melhorado,1,Promoção da saúde,2,Gestão da saúde,"Padrão de obtenção, avaliação e aplicação de informações e serviços básicos de saúde necessários à tomada de decisão de saúde, que pode ser fortalecido.",Ativo na NANDA-I 2024-2026
00269,Dinâmica alimentar ineficaz do adolescente,2,Nutrição,1,Ingestão,"Atitudes e comportamentos alimentares alterados que resultam em padrões de alimentação excessiva ou insuficiente, comprometendo a saúde nutricional de indivíduos de 11 a 19 anos de idade.",Ativo na NANDA-I 2024-2026
00270,Dinâmica alimentar ineficaz da criança,2,Nutrição,1,Ingestão,"Alterações em atitudes, comportamentos e influências relacionados aos padrões de alimentação que resultam em saúde nutricional comprometida em indivíduos de 1 a 10 anos de idade.",Ativo na NANDA-I 2024-2026
00271,Dinâmica de alimentação ineficaz do lactente,2,Nutrição,1,Ingestão,Comportamentos alimentares alterados dos pais que resultam em padrões de alimentação excessiva ou insuficiente em crianças com menos de 1 ano de idade.,Ativo na NANDA-I 2024-2026
00272,Risco de mutilação genital feminina,11,Segurança/proteção,3,Violência,"Suscetibilidade à remoção parcial ou total ou a outras lesões nos órgãos reprodutivos externos femininos, por razões não médicas.",Ativo na NANDA-I 2024-2026
00273,Campo de energia desequilibrado,1,Promoção da saúde,1,Percepção da saúde,"Interrupção no campo eletromagnético humano, que costuma ser um todo contínuo único, dinâmico, criativo e não linear.",Ativo na NANDA-I 2024-2026
00274,Risco de termorregulação ineficaz,11,Segurança/proteção,6,Termorregulação,Suscetibilidade à inabilidade de manter ou regular a temperatura corporal dentro de uma faixa de normalidade.,Ativo na NANDA-I 2024-2026
00276,Autogestão ineficaz da saúde,1,Promoção da saúde,2,Gestão da saúde,"Manejo insatisfatório de sintomas, regime terapêutico e mudanças no estilo de vida associados a viver com uma doença crônica.",Ativo na NANDA-I 2024-2026
00277,Autogestão ineficaz do ressecamento ocular,1,Promoção da saúde,2,Gestão da saúde,"Manejo insatisfatório de regime terapêutico, consequências e mudanças no estilo de vida associados ao filme lacrimal inadequado.",Ativo na NANDA-I 2024-2026
00278,Autogestão ineficaz do linfedema,1,Promoção da saúde,2,Gestão da saúde,"Manejo insatisfatório de regime terapêutico, consequências e mudanças no estilo de vida associados ao edema relacionado com obstrução ou distúrbios dos vasos linfáticos ou linfonodos.",Ativo na NANDA-I 2024-2026
00281,Risco de autogestão ineficaz do linfedema,1,Promoção da saúde,2,Gestão da saúde,"Suscetibilidade a manejo insatisfatório de regime terapêutico, consequências e mudanças no estilo de vida associados ao edema relacionado com obstrução ou distúrbios dos vasos linfáticos ou linfonodos.",Ativo na NANDA-I 2024-2026
00285,Disposição para luto melhorado,9,Enfrentamento/tolerância ao estresse,2,Respostas de enfrentamento,"Padrão de respostas à morte de uma pessoa significativa, que pode ser fortalecido.",Ativo na NANDA-I 2024-2026
00286,Risco de lesão por pressão na criança,11,Segurança/proteção,2,Lesão física,"Suscetibilidade a dano localizado na pele e/ou no tecido subjacente de um indivíduo com 29 dias a ≤ 18 anos de idade, como resultado de pressão ou pressão em combinação com cisalhamento. [European Pressure Ulcer Advisory Panel, 2019.]",Ativo na NANDA-I 2024-2026
00287,Lesão por pressão neonatal,11,Segurança/proteção,2,Lesão física,"Dano localizado na pele e/ou no tecido subjacente de um indivíduo com até 28 dias de idade, como resultado de pressão ou pressão em combinação com cisalhamento. [European Pressure Ulcer Advisory Panel, 2019.]",Ativo na NANDA-I 2024-2026
00288,Risco de lesão por pressão neonatal,11,Segurança/proteção,2,Lesão física,"Suscetibilidade a dano localizado na pele e/ou no tecido subjacente de um indivíduo com até 28 dias de idade, como resultado de pressão ou pressão em combinação com cisalhamento. [European Pressure Ulcer Advisory Panel, 2019.]",Ativo na NANDA-I 2024-2026
00290,Risco de tentativa de fuga,11,Segurança/proteção,2,Lesão física,"Suscetibilidade a escapar de uma área designada sem supervisão, sem ser detectado e/ou contra as recomendações, em indivíduos que são incapazes de se proteger adequadamente ou que podem representar uma ameaça a outros.",Ativo na NANDA-I 2024-2026
00291,Risco de trombose,11,Segurança/proteção,2,Lesão física,Suscetibilidade à obstrução de um vaso sanguíneo por um coágulo de sangue que pode romper e se alojar em outro vaso.,Ativo na NANDA-I 2024-2026
00292,Comportamentos ineficazes de manutenção da saúde,1,Promoção da saúde,2,Gestão da saúde,"Manejo de conhecimento em saúde, atitudes e práticas subjacentes a ações de saúde que é insatisfatório para manter ou melhorar o bem-estar ou prevenir doenças e lesões.",Ativo na NANDA-I 2024-2026
00293,Disposição para autogestão da saúde melhorada,1,Promoção da saúde,2,Gestão da saúde,"Padrão de manejo de sintomas, regime terapêutico, consequências e mudanças no estilo de vida associados a viver com uma condição crônica, que pode ser fortalecido.",Ativo na NANDA-I 2024-2026
00295,Resposta ineficaz de sucção-deglutição do lactente,13,Crescimento/desenvolvimento,2,Desenvolvimento,Habilidade prejudicada de coordenar a respiração durante o consumo de alimentação oral com segurança em um indivíduo com idade ≤ 1 ano.,Ativo na NANDA-I 2024-2026
00297,Incontinência urinária associada à incapacidade,3,Eliminação e troca,1,Função urinária,Inabilidade de chegar ao banheiro após sensação de urgência para evitar a perda não intencional de urina devido a condições físicas ou cognitivas.,Ativo na NANDA-I 2024-2026
00298,Tolerância à atividade diminuída,4,Atividade/repouso,3,Equilíbrio de energia,Resistência insuficiente para completar as atividades diárias necessárias ou desejadas.,Ativo na NANDA-I 2024-2026
00299,Risco de tolerância à atividade diminuída,4,Atividade/repouso,3,Equilíbrio de energia,Suscetibilidade a vivenciar resistência insuficiente para completar as atividades diárias necessárias ou desejadas.,Ativo na NANDA-I 2024-2026
00300,Comportamentos ineficazes de manutenção do lar,1,Promoção da saúde,2,Gestão da saúde,Padrão insatisfatório de conhecimento e atividades para a manutenção segura da residência do indivíduo.,Ativo na NANDA-I 2024-2026
00301,Luto desadaptativo,9,Enfrentamento/tolerância ao estresse,2,Respostas de enfrentamento,Respostas à morte de uma pessoa significativa em que a experiência de sofrimento que acompanha o luto não atende às expectativas socioculturais.,Ativo na NANDA-I 2024-2026
00302,Risco de luto desadaptativo,9,Enfrentamento/tolerância ao estresse,2,Respostas de enfrentamento,Suscetibilidade a respostas à morte de uma pessoa significativa em que a experiência de sofrimento que acompanha o luto não atende às expectativas socioculturais.,Ativo na NANDA-I 2024-2026
00303,Risco de quedas no adulto,11,Segurança/proteção,2,Lesão física,"Suscetibilidade de um indivíduo > 18 anos de idade de passar por um evento que resulta em deslocamento inadvertido para o chão, o piso ou outra área de superfície inferior.",Ativo na NANDA-I 2024-2026
00304,Risco de lesão por pressão no adulto,11,Segurança/proteção,2,Lesão física,"Suscetibilidade de um indivíduo > 18 anos a dano localizado na pele e/ou no tecido subjacente, como resultado de pressão ou pressão em combinação com cisalhamento. [European Pressure Ulcer Advisory Panel, 2019.]",Ativo na NANDA-I 2024-2026
00305,Risco de desenvolvimento atrasado da criança,13,Crescimento/desenvolvimento,2,Desenvolvimento,"Suscetibilidade a falha consistente em atingir os marcos de desenvolvimento dentro do prazo esperado, em indivíduos de 1 a 9 anos de idade.",Ativo na NANDA-I 2024-2026
00306,Risco de quedas na criança,11,Segurança/proteção,2,Lesão física,"Suscetibilidade de um indivíduo ≤ 18 anos de idade de passar por um evento que resulta em deslocamento inadvertido para o chão, o piso ou outra área de superfície inferior.",Ativo na NANDA-I 2024-2026
00307,Disposição para engajamento em exercícios melhorado,1,Promoção da saúde,2,Gestão da saúde,"Padrão de atenção à atividade física caracterizado por movimentos corporais planejados, estruturados e repetitivos, que pode ser fortalecido.",Ativo na NANDA-I 2024-2026
00308,Risco de comportamentos ineficazes de manutenção do lar,1,Promoção da saúde,2,Gestão da saúde,Suscetibilidade a padrão insatisfatório de conhecimento e atividades para a manutenção segura da residência do indivíduo.,Ativo na NANDA-I 2024-2026
00309,Disposição para comportamentos melhorados de manutenção do lar,1,Promoção da saúde,2,Gestão da saúde,"Padrão de conhecimento e atividades para a manutenção segura da residência do indivíduo, que pode ser fortalecido.",Ativo na NANDA-I 2024-2026
00310,Incontinência urinária mista,3,Eliminação e troca,1,Função urinária,Perda involuntária de urina acompanhada ou precedida de uma forte sensação de urgência para urinar e também de atividades que aumentam a pressão intra-abdominal.,Ativo na NANDA-I 2024-2026
00311,Risco de função cardiovascular prejudicada,4,Atividade/repouso,4,Respostas cardiovasculares/pulmonares,"Suscetibilidade a alterações no processo normal de transporte de substâncias, homeostase corporal, remoção de resíduos metabólicos dos tecidos e função dos órgãos.",Ativo na NANDA-I 2024-2026
00312,Lesão por pressão no adulto,11,Segurança/proteção,2,Lesão física,"Dano localizado na pele e/ou no tecido subjacente de um indivíduo com > 18 anos de idade, como resultado de pressão ou pressão em combinação com cisalhamento. [European Pressure Ulcer Advisory Panel, 2019.]",Ativo na NANDA-I 2024-2026
00313,Lesão por pressão na criança,11,Segurança/proteção,2,Lesão física,"Dano localizado na pele e/ou no tecido subjacente de um indivíduo com 29 dias a ≤ 18 anos de idade como resultado de pressão ou pressão em combinação com cisalhamento. [European Pressure Ulcer Advisory Panel, 2019.]",Ativo na NANDA-I 2024-2026
00314,Desenvolvimento atrasado da criança,13,Crescimento/desenvolvimento,2,Desenvolvimento,"Falha consistente em atingir os marcos de desenvolvimento dentro do prazo esperado, em indivíduos de 1 a 9 anos de idade.",Ativo na NANDA-I 2024-2026
00315,Desenvolvimento motor atrasado do lactente,13,Crescimento/desenvolvimento,2,Desenvolvimento,"Falha consistente em atingir marcos de desenvolvimento relacionados ao fortalecimento normal dos ossos e músculos e à habilidade de mover-se e tocar no ambiente que o cerca, em um indivíduo de 29 dias a 1 ano de idade.",Ativo na NANDA-I 2024-2026
00316,Risco de desenvolvimento motor atrasado do lactente,13,Crescimento/desenvolvimento,2,Desenvolvimento,"Suscetibilidade a falha consistente em atingir marcos de desenvolvimento relacionados ao fortalecimento normal dos ossos e músculos e à habilidade de mover-se e tocar no ambiente que o cerca, em indivíduo de 29 dias a 1 ano de idade.",Ativo na NANDA-I 2024-2026
00322,Risco de retenção urinária,3,Eliminação e troca,1,Função urinária,Suscetibilidade a esvaziamento incompleto da bexiga.,Ativo na NANDA-I 2024-2026
00323,Comportamentos ineficazes de higiene do sono,4,Atividade/repouso,1,Sono/repouso,"Dificuldade de utilizar consistentemente práticas, rituais e hábitos que resultam no início ou na manutenção do sono e em um sono reparador.",Ativo na NANDA-I 2024-2026
00324,Risco de mobilidade física prejudicada,4,Atividade/repouso,2,Atividade/exercício,Suscetibilidade a limitação do movimento independente e intencional do corpo ou de uma ou mais extremidades.,Ativo na NANDA-I 2024-2026
00325,Autocompaixão inadequada,9,Enfrentamento/tolerância ao estresse,2,Respostas de enfrentamento,"Habilidade insuficiente de estender bondade e compreensão para consigo mesmo, reconhecer sua conexão com a experiência humana mais ampla, estar atento e autoconsciente de seus pensamentos e sentimentos em momentos de falhas, limitações ou sofrimento.",Ativo na NANDA-I 2024-2026
00326,Habilidade de banhar-se diminuída,4,Atividade/repouso,5,Autocuidado,Diminuição da competência associada à limpeza do corpo de forma independente.,Ativo na NANDA-I 2024-2026
00327,Habilidade de vestir-se diminuída,4,Atividade/repouso,5,Autocuidado,Diminuição da competência associada a colocar ou remover as roupas de forma independente.,Ativo na NANDA-I 2024-2026
00328,Habilidade de alimentar-se diminuída,4,Atividade/repouso,5,Autocuidado,Diminuição da competência associada à ingestão alimentar independente.,Ativo na NANDA-I 2024-2026
00329,Habilidade de utilizar o vaso sanitário diminuída,4,Atividade/repouso,5,Autocuidado,Diminuição da competência associada à realização de tarefas relacionadas à eliminação de forma independente.,Ativo na NANDA-I 2024-2026
00330,Habilidade de cuidados pessoais diminuída,4,Atividade/repouso,5,Autocuidado,Diminuição da competência associada à manutenção da aparência de forma independente.,Ativo na NANDA-I 2024-2026
00331,Síndrome da habilidade de autocuidado diminuída,4,Atividade/repouso,5,Autocuidado,Diminuição do desempenho independente de múltiplas atividades da vida diária.,Ativo na NANDA-I 2024-2026
00332,Risco de síndrome da habilidade de autocuidado diminuída,4,Atividade/repouso,5,Autocuidado,Suscetibilidade a uma diminuição do desempenho independente de múltiplas atividades da vida diária.,Ativo na NANDA-I 2024-2026
00333,Produção inadequada de leite humano,2,Nutrição,1,Ingestão,Lactação insuficiente para atender exclusivamente às necessidades nutricionais de um lactente nos primeiros 6 meses de vida.,Ativo na NANDA-I 2024-2026
00334,Risco de produção inadequada de leite humano,2,Nutrição,1,Ingestão,Suscetibilidade a lactação insuficiente para atender exclusivamente às necessidades nutricionais de um lactente nos primeiros 6 meses de vida.,Ativo na NANDA-I 2024-2026
00335,Risco de solidão excessiva,12,Conforto,3,Conforto social,"Suscetibilidade a sentimentos opressivos de tristeza, desânimo ou desconforto associados à falta de companhia ou à separação de outras pessoas.",Ativo na NANDA-I 2024-2026
00336,Risco de lesão física,11,Segurança/proteção,2,Lesão física,"Suscetibilidade a dano corporal devido a traumas, descargas elétricas, mudanças de pressão e/ou radiação.",Ativo na NANDA-I 2024-2026
00337,Padrão de sono ineficaz,4,Atividade/repouso,1,Sono/repouso,"Dificuldade de vivenciar a suspensão natural e periódica da consciência relativa, o que prejudica negativamente a função.",Ativo na NANDA-I 2024-2026
00338,Autoeficácia em saúde inadequada,6,Autopercepção,2,Autoestima,"Crença insuficiente na habilidade da própria pessoa de promover, manter ou restaurar um estado de saúde adequado.",Ativo na NANDA-I 2024-2026
00339,Letramento em saúde inadequado,1,Promoção da saúde,2,Gestão da saúde,"Padrão insatisfatório de obtenção, avaliação e aplicação de informações e serviços básicos de saúde necessários à tomada de decisão em saúde.",Ativo na NANDA-I 2024-2026
00340,Disposição para envelhecimento saudável melhorado,1,Promoção da saúde,2,Gestão da saúde,"Padrão de desenvolvimento ou manutenção do bem-estar e da função física, mental, social e espiritual com o avanço da idade, que pode ser fortalecido.",Ativo na NANDA-I 2024-2026
00341,Disposição para identidade social como pessoa transgênero melhorada,6,Autopercepção,1,Autoconceito,"Padrão de desenvolvimento da autoimagem de gênero, incluindo a modificação das características corporais, que promove sentimentos de pertencimento a um grupo social ou cultural, que pode ser fortalecido.",Ativo na NANDA-I 2024-2026
00342,Síndrome do conforto prejudicado no fim da vida,12,Conforto,1,Conforto físico,"Deterioração em um conjunto de manifestações físicas, psicológicas, sociais e espirituais devido à iminência do processo de morte.",Ativo na NANDA-I 2024-2026
00343,Ingestão nutricional inadequada,2,Nutrição,1,Ingestão,Consumo de nutrientes insuficiente para atender às necessidades metabólicas.,Ativo na NANDA-I 2024-2026
00344,Eliminação intestinal prejudicada,3,Eliminação e troca,2,Função gastrintestinal,Alteração no processo normal de defecação pelo reto ou por uma ostomia.,Ativo na NANDA-I 2024-2026
00345,Risco de continência fecal prejudicada,3,Eliminação e troca,2,Função gastrintestinal,"Suscetibilidade à inabilidade de controlar os esfincteres anais, com passagem involuntária de fezes e flatos.",Ativo na NANDA-I 2024-2026
00346,Risco de eliminação intestinal prejudicada,3,Eliminação e troca,2,Função gastrintestinal,Suscetibilidade a alteração no processo normal de defecação pelo reto ou por uma ostomia.,Ativo na NANDA-I 2024-2026
00347,Amamentação exclusiva conturbada,2,Nutrição,1,Ingestão,"Interferência no processo de fornecimento exclusivo de leite humano a um lactente de até 6 meses de idade, em indivíduos cuja produção de leite humano é adequada.",Ativo na NANDA-I 2024-2026
00348,Crescimento atrasado da criança,13,Crescimento/desenvolvimento,1,Crescimento,"Altura, comprimento, índice de massa corporal, circunferência da cabeça e/ou velocidade de crescimento (cm/ano) inadequados para o sexo, a idade e a etnia de um indivíduo ≤ 18 anos de idade.",Ativo na NANDA-I 2024-2026
00349,Risco de binômio mãe-feto prejudicado,8,Sexualidade,3,Reprodução,"Suscetibilidade a uma interrupção da relação simbiótica mãe-feto que afeta as trocas fisiológicas e as interações afetivo-emocionais durante a gravidez, como resultado de comorbidades ou condições relacionadas à gravidez.",Ativo na NANDA-I 2024-2026
00350,Risco de lesão pelo calor,11,Segurança/proteção,2,Lesão física,"Suscetibilidade a danos à pele ou aos tecidos por calor, vapor, produtos químicos, eletricidade ou similares.",Ativo na NANDA-I 2024-2026
00351,Risco de lesão pelo frio,11,Segurança/proteção,2,Lesão física,Suscetibilidade a danos na pele ou nos tecidos devido a baixas temperaturas ambientais.,Ativo na NANDA-I 2024-2026
00352,Autogestão ineficaz da boca seca,1,Promoção da saúde,2,Gestão da saúde,"Manejo insatisfatório de regime terapêutico, consequências e mudanças no estilo de vida associados à redução da secreção salivar.",Ativo na NANDA-I 2024-2026
00353,Síndrome da fragilidade do idoso,1,Promoção da saúde,2,Gestão da saúde,Estado dinâmico de desequilíbrio que inclui a deterioração de funções e reservas nos sistemas fisiológicos.,Ativo na NANDA-I 2024-2026
00356,Gestão ineficaz da saúde da comunidade,1,Promoção da saúde,2,Gestão da saúde,Manejo insatisfatório de problemas de saúde ou fatores que impedem o bem-estar ou aumentam o risco de problemas de saúde vivenciados por uma população.,Ativo na NANDA-I 2024-2026
00357,Risco de síndrome da fragilidade do idoso,1,Promoção da saúde,2,Gestão da saúde,Suscetibilidade a um estado dinâmico de desequilíbrio que inclui a deterioração de funções e reservas nos sistemas fisiológicos.,Ativo na NANDA-I 2024-2026
00358,Rede de apoio social inadequada,12,Conforto,3,Conforto social,Interações interpessoais e organizacionais que são percebidas como insatisfatórias para atender às necessidades de saúde.,Ativo na NANDA-I 2024-2026
00359,Ingestão nutricional proteico-calórica inadequada,2,Nutrição,1,Ingestão,Consumo alimentar insuficiente de proteínas e calorias para atender às necessidades metabólicas.,Ativo na NANDA-I 2024-2026
00360,Risco de ingestão nutricional proteico-calórica inadequada,2,Nutrição,1,Ingestão,Suscetibilidade a consumo alimentar insuficiente de proteínas e calorias para atender às necessidades metabólicas.,Ativo na NANDA-I 2024-2026
00361,Resposta imune prejudicada,11,Segurança/proteção,1,Infecção,Habilidade enfraquecida de defesa contra microrganismos estranhos ou contra o efeito tóxico de substâncias antigênicas.,Ativo na NANDA-I 2024-2026
00362,Risco de pressão arterial desequilibrada,4,Atividade/repouso,4,Respostas cardiovasculares/pulmonares,"Suscetibilidade a elevação ou diminuição recorrente da força exercida pelo fluxo sanguíneo na parede arterial, acima ou abaixo dos níveis individuais desejados.",Ativo na NANDA-I 2024-2026
00363,Habilidade de sentar-se prejudicada,4,Atividade/repouso,2,Atividade/exercício,Limitação de posicionamento e/ou manutenção independente e intencional do corpo em posição de repouso apoiado pelas nádegas e coxas e com o torso ereto.,Ativo na NANDA-I 2024-2026
00364,Habilidade de ficar em pé prejudicada,4,Atividade/repouso,2,Atividade/exercício,Limitação de posicionamento e/ou manutenção independente e intencional do corpo com alinhamento vertical dos pés à cabeça.,Ativo na NANDA-I 2024-2026
00365,Habilidade de deambulação prejudicada,4,Atividade/repouso,2,Atividade/exercício,Limitação do movimento de andar no ambiente de forma independente.,Ativo na NANDA-I 2024-2026
00366,Carga excessiva de prestação de cuidados,9,Enfrentamento/tolerância ao estresse,2,Respostas de enfrentamento,Tensão multidimensional opressiva ao cuidar de uma pessoa significativa.,Ativo na NANDA-I 2024-2026
00367,Habilidade de transferência prejudicada,4,Atividade/repouso,2,Atividade/exercício,Limitação do movimento independente entre duas superfícies próximas.,Ativo na NANDA-I 2024-2026
00368,Disposição para comunicação verbal melhorada,5,Percepção/cognição,5,Comunicação,"Padrão de recebimento, processamento, transmissão e/ou uso de um sistema de símbolos, que pode ser fortalecido.",Ativo na NANDA-I 2024-2026
00369,Risco de autogestão ineficaz da saúde,1,Promoção da saúde,2,Gestão da saúde,"Suscetibilidade a manejo insatisfatório de sintomas, regime terapêutico e mudanças no estilo de vida associados a viver com uma doença crônica.",Ativo na NANDA-I 2024-2026
00370,Risco de volume de líquidos excessivo,2,Nutrição,5,Hidratação,Suscetibilidade à retenção excessiva de líquido intracelular ou extracelular.,Ativo na NANDA-I 2024-2026
00371,Amamentação ineficaz,2,Nutrição,1,Ingestão,"Dificuldade de fornecer ou receber leite humano da mama, o que pode comprometer o estado nutricional de um lactente ou criança.",Ativo na NANDA-I 2024-2026
00372,Regulação ineficaz das emoções,9,Enfrentamento/tolerância ao estresse,3,Respostas neurocomportamentais,"Inabilidade de controlar os sentimentos, afetando pensamentos, ações e interações, o que leva a respostas e expressões inapropriadas em situações sociais.",Ativo na NANDA-I 2024-2026
00373,Enfrentamento familiar desadaptativo,9,Enfrentamento/tolerância ao estresse,2,Respostas de enfrentamento,Esforços cognitivos e/ou comportamentais da família contraproducentes para manejar uma situação estressante ou desagradável.,Ativo na NANDA-I 2024-2026
00374,Risco de sangramento excessivo,11,Segurança/proteção,2,Lesão física,Suscetibilidade a uma perda de sangue significativa.,Ativo na NANDA-I 2024-2026
00375,Comportamentos ineficazes de higiene oral,4,Atividade/repouso,5,Autocuidado,Dificuldade em empregar consistentemente práticas e hábitos que resultam na manutenção da saúde oral.,Ativo na NANDA-I 2024-2026
00376,Disposição para conforto social melhorado,12,Conforto,3,Conforto social,"Padrão de tranquilidade, contentamento e bem-estar relacional, que pode ser fortalecido.",Ativo na NANDA-I 2024-2026
00377,Disposição para conforto psicológico melhorado,12,Conforto,4,Conforto psicológico,"Padrão de tranquilidade, contentamento e bem-estar mental, que pode ser fortalecido.",Ativo na NANDA-I 2024-2026
00378,Disposição para conforto físico melhorado,12,Conforto,1,Conforto físico,"Padrão de tranquilidade, contentamento e bem-estar corporal, que pode ser fortalecido.",Ativo na NANDA-I 2024-2026
00379,Conforto psicológico prejudicado,12,Conforto,4,Conforto psicológico,"Percepção de falta de tranquilidade, contentamento e bem-estar mental.",Ativo na NANDA-I 2024-2026
00380,Conforto físico prejudicado,12,Conforto,1,Conforto físico,"Percepção de falta de tranquilidade, contentamento e bem-estar corporal.",Ativo na NANDA-I 2024-2026
00382,Risco de amamentação exclusiva conturbada,2,Nutrição,1,Ingestão,"Suscetibilidade a interferência no processo de fornecimento exclusivo de leite humano a um lactente de até 6 meses de idade, em indivíduos cuja produção de leite humano é adequada.",Ativo na NANDA-I 2024-2026
00383,Conexão social inadequada,12,Conforto,3,Conforto social,"Sentimento de não pertencer, não ser cuidado ou não ser empoderado em um determinado contexto.",Ativo na NANDA-I 2024-2026
00384,Autogestão ineficaz da náusea,1,Promoção da saúde,2,Gestão da saúde,"Manejo insatisfatório de regime terapêutico, consequências e mudanças no estilo de vida associados a uma sensação desagradável no estômago, que pode ou não resultar em êmese.",Ativo na NANDA-I 2024-2026
00386,Função sexual prejudicada,8,Sexualidade,2,Função sexual,"Dificuldade de passar pelos estágios do ciclo de resposta sexual, o que é percebido como insatisfatório, não gratificante ou inadequado.",Ativo na NANDA-I 2024-2026
00387,Conflito excessivo no papel parental,7,Papéis e relacionamentos,1,Papéis do cuidador,"Experiência do cuidador principal com expectativas e responsabilidades inconsistentes, conflitantes e/ou incongruentes para atender às necessidades da criança.",Ativo na NANDA-I 2024-2026
00388,Processos familiares prejudicados,7,Papéis e relacionamentos,2,Relações familiares,Relações familiares que falham em apoiar o bem-estar de seus membros.,Ativo na NANDA-I 2024-2026
00389,Padrões de interação familiar conturbados,7,Papéis e relacionamentos,2,Relações familiares,Organização e estrutura da família que falha em apoiar o bem-estar de seus membros.,Ativo na NANDA-I 2024-2026
00390,Medo excessivo,9,Enfrentamento/tolerância ao estresse,2,Respostas de enfrentamento,Resposta emocional intensa desproporcional despertada pela detecção de uma ameaça iminente.,Ativo na NANDA-I 2024-2026
00395,Risco de comportamentos ineficazes de manutenção da saúde,1,Promoção da saúde,2,Gestão da saúde,"Suscetibilidade a manejo de conhecimento em saúde, atitudes e práticas subjacentes a ações de saúde que é insatisfatório para manter ou melhorar o bem-estar ou prevenir doenças e lesões.",Ativo na NANDA-I 2024-2026
00397,Autogestão ineficaz da fadiga,1,Promoção da saúde,2,Gestão da saúde,"Manejo insatisfatório de regime terapêutico, consequências e mudanças no estilo de vida associados a uma sensação opressiva constante de exaustão e baixos níveis de energia para as atividades diárias.",Ativo na NANDA-I 2024-2026
00398,Autogestão ineficaz do sobrepeso,1,Promoção da saúde,2,Gestão da saúde,"Manejo insatisfatório de regime terapêutico, consequências e mudanças no estilo de vida associados ao acúmulo de gordura excessiva para a idade e o sexo.",Ativo na NANDA-I 2024-2026
00399,Ansiedade excessiva relacionada à morte,9,Enfrentamento/tolerância ao estresse,2,Respostas de enfrentamento,Insegurança e angústia emocional opressivas causadas pela antecipação da própria morte ou da morte de outras pessoas.,Ativo na NANDA-I 2024-2026
00400,Ansiedade excessiva,9,Enfrentamento/tolerância ao estresse,2,Respostas de enfrentamento,Preocupação desproporcional e persistente com situações e eventos percebidos como ameaçadores.,Ativo na NANDA-I 2024-2026
00401,Risco de carga excessiva de prestação de cuidados,9,Enfrentamento/tolerância ao estresse,2,Respostas de enfrentamento,Suscetibilidade à tensão multidimensional opressiva ao cuidar de uma pessoa significativa.,Ativo na NANDA-I 2024-2026
00402,Risco de lesão física ocupacional,11,Segurança/proteção,4,Riscos ambientais,Suscetibilidade a dano corporal relacionado ao trabalho.,Ativo na NANDA-I 2024-2026
00404,Risco de doença ocupacional,11,Segurança/proteção,4,Riscos ambientais,Suscetibilidade a condição ou distúrbio relacionado ao trabalho resultantes de um evento ou exposição não imediatos.,Ativo na NANDA-I 2024-2026
00405,Enfrentamento desadaptativo,9,Enfrentamento/tolerância ao estresse,2,Respostas de enfrentamento,Esforços cognitivos e/ou comportamentais contraproducentes para manejar uma situação estressante ou desagradável.,Ativo na NANDA-I 2024-2026
00406,Risco de amamentação ineficaz,2,Nutrição,1,Ingestão,"Suscetibilidade a dificuldade de fornecer ou receber leite humano da mama, o que pode comprometer o estado nutricional de um lactente ou criança.",Ativo na NANDA-I 2024-2026
00407,Risco de padrão de sono ineficaz,4,Atividade/repouso,1,Sono/repouso,"Suscetibilidade a dificuldade de vivenciar a suspensão natural e periódica da consciência relativa, o que prejudica negativamente a função.",Ativo na NANDA-I 2024-2026
00408,Risco de comportamentos ineficazes de higiene do sono,4,Atividade/repouso,1,Sono/repouso,"Suscetibilidade a dificuldade de utilizar consistentemente práticas, rituais e hábitos que resultam no início ou na manutenção do sono e em um sono reparador.",Ativo na NANDA-I 2024-2026
00409,Risco de ingestão nutricional inadequada,2,Nutrição,1,Ingestão,Suscetibilidade a consumo de nutrientes insuficiente para atender às necessidades metabólicas.,Ativo na NANDA-I 2024-2026
00410,Risco de gestão ineficaz da saúde familiar,1,Promoção da saúde,2,Gestão da saúde,"Suscetibilidade a manejo insatisfatório de sintomas, regime terapêutico e mudanças no estilo de vida para atender às metas específicas de saúde da unidade familiar.",Ativo na NANDA-I 2024-2026
00411,Risco de letramento em saúde inadequado,1,Promoção da saúde,2,Gestão da saúde,"Suscetibilidade a um padrão insatisfatório de obtenção, avaliação e aplicação de informações e serviços básicos de saúde necessários à tomada de decisão em saúde.",Ativo na NANDA-I 2024-2026
00412,Risco de autogestão ineficaz da boca seca,1,Promoção da saúde,2,Gestão da saúde,"Suscetibilidade a manejo insatisfatório de regime terapêutico, consequências e mudanças no estilo de vida associados à redução da secreção salivar.",Ativo na NANDA-I 2024-2026
00413,Risco de gestão ineficaz da saúde da comunidade,1,Promoção da saúde,2,Gestão da saúde,Suscetibilidade a manejo insatisfatório de problemas de saúde ou fatores que impedem o bem-estar ou aumentam o risco de problemas de saúde vivenciados por uma população.,Ativo na NANDA-I 2024-2026
00414,Risco de comportamentos ineficazes de higiene oral,4,Atividade/repouso,5,Autocuidado,Suscetibilidade a uma dificuldade em empregar consistentemente práticas e hábitos que resultam na manutenção da saúde oral.,Ativo na NANDA-I 2024-2026
00417,Disposição para padrão de sono melhorado,4,Atividade/repouso,1,Sono/repouso,"Padrão de suspensão natural e periódica da consciência relativa, que pode ser fortalecido.",Ativo na NANDA-I 2024-2026
00418,Autogestão ineficaz da dor,1,Promoção da saúde,2,Gestão da saúde,"Manejo insatisfatório de regime terapêutico, consequências e mudanças no estilo de vida relacionados a uma experiência sensorial e emocional desagradável que se assemelha àquela associada a um dano real ou potencial ao tecido.",Ativo na NANDA-I 2024-2026
00419,Disposição para ingestão nutricional melhorada,2,Nutrição,1,Ingestão,"Padrão de consumo de nutrientes que atende às necessidades metabólicas, que pode ser fortalecido.",Ativo na NANDA-I 2024-2026
00420,Risco de volume de líquidos inadequado,2,Nutrição,5,Hidratação,"Suscetibilidade a diminuição de líquido intracelular e/ou extracelular, não incluindo o sangue.",Ativo na NANDA-I 2024-2026
00421,Volume de líquidos inadequado,2,Nutrição,5,Hidratação,"Diminuição de líquido intracelular e/ou extracelular, não incluindo o sangue.",Ativo na NANDA-I 2024-2026
00422,Risco de motilidade gastrintestinal prejudicada,3,Eliminação e troca,2,Função gastrintestinal,"Suscetibilidade a atividade peristáltica aumentada, diminuída, ineficaz ou ausente no sistema gastrintestinal.",Ativo na NANDA-I 2024-2026
00423,Motilidade gastrintestinal prejudicada,3,Eliminação e troca,2,Função gastrintestinal,"Atividade peristáltica aumentada, diminuída, ineficaz ou ausente no sistema gastrintestinal.",Ativo na NANDA-I 2024-2026
00424,Continência fecal prejudicada,3,Eliminação e troca,2,Função gastrintestinal,"Inabilidade de controlar os esfincteres anais, com passagem involuntária de fezes e flatos.",Ativo na NANDA-I 2024-2026
00425,Risco de função neurovascular periférica prejudicada,11,Segurança/proteção,2,Lesão física,"Suscetibilidade a alteração na circulação, na sensibilidade e no movimento de uma extremidade.",Ativo na NANDA-I 2024-2026
00429,Tomada de decisão prejudicada,5,Percepção/cognição,4,Cognição,"Inabilidade de fazer escolhas adequadas, o que pode ter impacto negativo nas metas relacionadas à saúde, no bem-estar e na qualidade de vida.",Ativo na NANDA-I 2024-2026
00430,Resposta prejudicada ao desmame ventilatório do adulto,4,Atividade/repouso,4,Respostas cardiovasculares/pulmonares,Inabilidade de fazer a transição para ventilação espontânea com sucesso em indivíduos com idade > 18 anos que necessitaram de ventilação mecânica por pelo menos 24 horas.,Ativo na NANDA-I 2024-2026
00431,Resposta prejudicada ao desmame ventilatório da criança,4,Atividade/repouso,4,Respostas cardiovasculares/pulmonares,Inabilidade de fazer a transição para ventilação espontânea com sucesso em indivíduos com idade < 18 anos que necessitaram de ventilação mecânica por pelo menos 24 horas.,Ativo na NANDA-I 2024-2026
00434,Risco de comunicação verbal prejudicada,5,Percepção/cognição,5,Comunicação,"Suscetibilidade a limitação ou ausência da habilidade de receber, processar, transmitir e/ou usar um sistema de símbolos.",Ativo na NANDA-I 2024-2026
00435,Conhecimento de saúde inadequado,5,Percepção/cognição,4,Cognição,"Insuficiência na aquisição, no processamento, na compreensão e/ou na recordação de informações relacionadas a um tópico específico que afete o bem-estar da pessoa.",Ativo na NANDA-I 2024-2026
00436,Comportamentos parentais prejudicados,7,Papéis e relacionamentos,1,Papéis do cuidador,"Limitação do cuidador principal para criar, proteger e promover o crescimento e desenvolvimento ideais da criança por meio do exercício consistente e empático de autoridade e resposta adequada às necessidades da criança.",Ativo na NANDA-I 2024-2026
00437,Risco de comportamentos parentais prejudicados,7,Papéis e relacionamentos,1,Papéis do cuidador,"Suscetibilidade a uma limitação do cuidador principal para criar, proteger e promover o crescimento e desenvolvimento ideais da criança por meio do exercício consistente e empático de autoridade e resposta adequada às necessidades da criança.",Ativo na NANDA-I 2024-2026
00438,Disposição para comportamentos parentais melhorados,7,Papéis e relacionamentos,1,Papéis do cuidador,"Padrão do cuidador principal de criar, proteger e promover o crescimento e desenvolvimento ideais da criança por meio do exercício consistente e empático de autoridade e resposta adequada às necessidades da criança, que pode ser fortalecido.",Ativo na NANDA-I 2024-2026
00439,Risco de comportamentos de apego conturbados,7,Papéis e relacionamentos,2,Relações familiares,Suscetibilidade a uma perturbação do processo interativo entre o cuidador primário e o lactente que promove atividades que demonstram uma relação recíproca de proteção e carinho.,Ativo na NANDA-I 2024-2026
00440,Risco de padrões de interação familiar conturbados,7,Papéis e relacionamentos,2,Relações familiares,Suscetibilidade a organização e estrutura da família que falha em apoiar o bem-estar de seus membros.,Ativo na NANDA-I 2024-2026
00442,Disposição para habilidades de autocuidado melhoradas,4,Atividade/repouso,5,Autocuidado,"Padrão de desempenho independente das atividades da vida diária, que pode ser fortalecido.",Ativo na NANDA-I 2024-2026
00445,Risco de relacionamento ineficaz com o parceiro íntimo,7,Papéis e relacionamentos,3,Desempenho de papéis,"Suscetibilidade a um padrão de mutualidade que é insuficiente ou que pode afetar o curso, o prognóstico ou o tratamento de uma condição de saúde de um ou ambos os parceiros.",Ativo na NANDA-I 2024-2026
00446,Disposição para relacionamento com o parceiro íntimo melhorado,7,Papéis e relacionamentos,3,Desempenho de papéis,"Padrão de mutualidade que pode apoiar o curso, o prognóstico ou o tratamento de uma condição de saúde de um ou ambos os parceiros, que pode ser fortalecido.",Ativo na NANDA-I 2024-2026
00447,Disposição para autogestão do peso melhorada,1,Promoção da saúde,2,Gestão da saúde,"Padrão de busca e/ou manutenção de um peso corporal saudável, que pode ser fortalecido.",Ativo na NANDA-I 2024-2026
00448,Risco de engajamento diminuído em atividades de recreação,1,Promoção da saúde,1,Percepção da saúde,"Suscetibilidade a estimulação, interesse ou participação reduzidos em atividades recreativas ou de lazer.",Ativo na NANDA-I 2024-2026
00449,Relacionamento ineficaz com o parceiro íntimo,7,Papéis e relacionamentos,3,Desempenho de papéis,"Padrão de mutualidade que é insuficiente ou que pode afetar o curso, o prognóstico ou o tratamento de uma condição de saúde de um ou ambos os parceiros.",Ativo na NANDA-I 2024-2026
00451,Organização prejudicada do neurodesenvolvimento do lactente,13,Crescimento/desenvolvimento,2,Desenvolvimento,"Coordenação diminuída das habilidades cognitivas, motoras e sensoriais, o que pode levar a atrasos para atingir os marcos de desenvolvimento em indivíduos com menos de 1 ano de idade.",Ativo na NANDA-I 2024-2026
00452,Risco de organização prejudicada do neurodesenvolvimento do lactente,13,Crescimento/desenvolvimento,2,Desenvolvimento,"Suscetibilidade a coordenação diminuída das habilidades cognitivas, motoras e sensoriais, o que pode levar a atrasos para atingir os marcos de desenvolvimento em indivíduos com menos de 1 ano de idade.",Ativo na NANDA-I 2024-2026
00453,Disposição para organização melhorada do neurodesenvolvimento do lactente,13,Crescimento/desenvolvimento,2,Desenvolvimento,"Padrão de coordenação das habilidades cognitivas, motoras e sensoriais necessárias para atingir os marcos do desenvolvimento em um indivíduo com menos de 1 ano de idade, que pode ser fortalecido.",Ativo na NANDA-I 2024-2026
00454,Bem-estar espiritual prejudicado,10,Princípios da vida,3,Coerência entre valores/crenças/atos,"Integração diminuída de significado e propósito na vida por meio de conexões consigo mesmo, com os outros, com o mundo e/ou com um poder maior que si mesmo.",Ativo na NANDA-I 2024-2026
00456,Enfrentamento desadaptativo da comunidade,9,Enfrentamento/tolerância ao estresse,2,Respostas de enfrentamento,Padrão de atividades da comunidade para adaptação e resolução de problemas que é insatisfatório para atender às demandas ou necessidades da comunidade.,Ativo na NANDA-I 2024-2026
00460,Risco de bem-estar espiritual prejudicado,10,Princípios da vida,3,Coerência entre valores/crenças/atos,"Suscetibilidade à integração diminuída de significado e propósito à vida por meio de conexões consigo mesmo, com os outros, com o mundo e/ou com um poder maior que si mesmo.",Ativo na NANDA-I 2024-2026
00461,Integridade do complexo mamilo-areolar prejudicada,11,Segurança/proteção,2,Lesão física,Dano localizado à área pigmentada da mama como resultado de umidade excessiva e/ou microtraumas repetidos durante a amamentação.,Ativo na NANDA-I 2024-2026
00462,Risco de integridade do complexo mamilo-areolar prejudicada,11,Segurança/proteção,2,Lesão física,Suscetibilidade a dano localizado à área pigmentada da mama como resultado de umidade excessiva e/ou microtraumas repetidos durante a amamentação.,Ativo na NANDA-I 2024-2026
00463,Risco de sufocamento acidental,11,Segurança/proteção,2,Lesão física,Suscetibilidade a uma disponibilidade de oxigênio inadequada.,Ativo na NANDA-I 2024-2026
00464,Risco de recuperação cirúrgica prejudicada,4,Atividade/repouso,3,Equilíbrio de energia,Suscetibilidade a alterações fisiológicas ou psicológicas perioperatórias que aumentam o período de recuperação necessário para atingir e/ou melhorar o estado de saúde funcional pré-operatório.,Ativo na NANDA-I 2024-2026
00465,Recuperação cirúrgica prejudicada,4,Atividade/repouso,3,Equilíbrio de energia,Alterações fisiológicas ou psicológicas perioperatórias que aumentam o período de recuperação necessário para atingir e/ou melhorar o estado de saúde funcional pré-operatório.,Ativo na NANDA-I 2024-2026
00466,Risco de comportamento autolesivo suicida,11,Segurança/proteção,3,Violência,"Suscetibilidade a agir de forma prejudicial contra si mesmo, associado a uma intenção de morrer.",Ativo na NANDA-I 2024-2026
00467,Comportamento autolesivo não suicida,11,Segurança/proteção,3,Violência,Danos deliberados e autoinfligidos sem intenção de suicídio ou desvio sexual e para fins que não são socialmente sancionados.,Ativo na NANDA-I 2024-2026
00468,Risco de comportamento autolesivo não suicida,11,Segurança/proteção,3,Violência,Suscetibilidade a danos deliberados e autoinfligidos sem intenção de suicídio ou desvio sexual e para fins que não são socialmente sancionados.,Ativo na NANDA-I 2024-2026
00469,Risco de intoxicação acidental,11,Segurança/proteção,4,Riscos ambientais,"Suscetibilidade a ingestão, injeção, inalação ou exposição inesperada a substâncias nocivas.",Ativo na NANDA-I 2024-2026
00471,Risco de hipertermia,11,Segurança/proteção,6,Termorregulação,"Suscetibilidade à elevação anormal da temperatura corporal, geralmente como resultado da inabilidade de regular a temperatura corporal central devido a fatores não patológicos. [Consulte critérios de estadiamento.]",Ativo na NANDA-I 2024-2026
00472,Temperatura corporal diminuída,11,Segurança/proteção,6,Termorregulação,Queda não intencional no estado térmico interno abaixo da faixa diurna normal em indivíduos com mais de 28 dias de vida. [Consulte critérios de estadiamento apropriados e validados.],Ativo na NANDA-I 2024-2026
00473,Risco de temperatura corporal diminuída,11,Segurança/proteção,6,Termorregulação,Suscetibilidade à queda não intencional no estado térmico interno abaixo da faixa diurna normal em indivíduos com mais de 28 dias de vida. [Consulte critérios de estadiamento apropriados e validados.],Ativo na NANDA-I 2024-2026
00474,Temperatura corporal neonatal diminuída,11,Segurança/proteção,6,Termorregulação,Queda não intencional no estado térmico abaixo da faixa diurna normal em indivíduos com até 28 dias de vida. [Consulte critérios de estadiamento da hipotermia apropriados e validados.],Ativo na NANDA-I 2024-2026
00475,Solidão excessiva,12,Conforto,3,Conforto social,"Sentimento opressivo de tristeza, desânimo ou desconforto associado à falta de companhia ou ao fato de estar separado de outras pessoas.",Ativo na NANDA-I 2024-2026
00476,Risco de temperatura corporal neonatal diminuída,11,Segurança/proteção,6,Termorregulação,Suscetibilidade à queda não intencional no estado térmico abaixo da faixa diurna normal em indivíduos com até 28 dias de vida. [Consulte critérios de estadiamento da hipotermia apropriados e validados.],Ativo na NANDA-I 2024-2026
00477,Carga excessiva de fadiga,4,Atividade/repouso,3,Equilíbrio de energia,Sensação opressiva e prolongada de exaustão e habilidade diminuída de realizar trabalho físico e mental no nível habitual.,Ativo na NANDA-I 2024-2026
00478,Risco de crescimento atrasado da criança,13,Crescimento/desenvolvimento,1,Crescimento,"Suscetibilidade a altura, comprimento, índice de massa corporal, circunferência da cabeça e/ou velocidade de crescimento (cm/ano) inadequados para o sexo, a idade e a etnia de um indivíduo ≤ 18 anos de idade.",Ativo na NANDA-I 2024-2026
00479,Disposição para amamentação melhorada,2,Nutrição,1,Ingestão,"Padrão de fornecimento de leite humano a um lactente ou uma criança, que pode ser fortalecido.",Ativo na NANDA-I 2024-2026
00480,Risco de autoestima inadequada crônica,6,Autopercepção,2,Autoestima,"Suscetibilidade a uma percepção negativa duradoura sobre o valor próprio, a autoaceitação, o autorrespeito, a competência e a atitude em relação a si mesmo.",Ativo na NANDA-I 2024-2026
00481,Autoestima inadequada situacional,6,Autopercepção,2,Autoestima,"Mudança de percepção positiva para negativa sobre o valor próprio, a autoaceitação, o autorrespeito, a competência e a atitude em relação a si mesmo, em resposta a uma situação atual.",Ativo na NANDA-I 2024-2026
00482,Risco de autoestima inadequada situacional,6,Autopercepção,2,Autoestima,"Suscetibilidade a uma mudança de percepção positiva para negativa sobre o valor próprio, a autoaceitação, o autorrespeito, a competência e a atitude em relação a si mesmo, em resposta a uma situação atual.",Ativo na NANDA-I 2024-2026
00483,Autoestima inadequada crônica,6,Autopercepção,2,Autoestima,"Percepção negativa duradoura sobre o valor próprio, a autoaceitação, o autorrespeito, a competência e a atitude em relação a si mesmo.",Ativo na NANDA-I 2024-2026
00484,Risco de transição imigratória conturbada,9,Enfrentamento/tolerância ao estresse,1,Respostas pós-trauma,Suscetibilidade a consequências e sentimentos negativos durante o processo de realocação e adaptação do país de origem.,Ativo na NANDA-I 2024-2026
00485,Autogestão ineficaz do baixo peso,1,Promoção da saúde,2,Gestão da saúde,"Manejo insatisfatório de regime terapêutico, consequências e mudanças no estilo de vida associados a um peso corporal inferior às normas padronizadas para a idade e o sexo.",Ativo na NANDA-I 2024-2026
00486,Risco de autogestão ineficaz do baixo peso,1,Promoção da saúde,2,Gestão da saúde,"Suscetibilidade a manejo insatisfatório de regime terapêutico, consequências e mudanças no estilo de vida associados a um peso corporal inferior às normas padronizadas para a idade e o sexo.",Ativo na NANDA-I 2024-2026
00487,Risco de autogestão ineficaz do sobrepeso,1,Promoção da saúde,2,Gestão da saúde,"Suscetibilidade a manejo insatisfatório de regime terapêutico, consequências e mudanças no estilo de vida associados ao acúmulo de gordura excessiva para a idade e o sexo.",Ativo na NANDA-I 2024-2026
00488,Risco de dignidade humana prejudicada,6,Autopercepção,1,Autoconceito,Suscetibilidade à percepção de perda de respeito e honra.,Ativo na NANDA-I 2024-2026
00489,Risco de autogestão ineficaz do padrão de glicemia,1,Promoção da saúde,2,Gestão da saúde,"Suscetibilidade a manejo insatisfatório de sintomas, regime terapêutico e mudanças no estilo de vida associados à convivência com flutuações recorrentes no nível de glicose sanguínea fora da faixa desejável.",Ativo na NANDA-I 2024-2026
00490,Risco de temperatura corporal perioperatória diminuída,11,Segurança/proteção,6,Termorregulação,"Suscetibilidade a uma queda inadvertida na temperatura corporal central abaixo de 36 °C, que ocorre no período entre 1 hora antes até 24 horas após uma cirurgia.",Ativo na NANDA-I 2024-2026
00491,Risco de equilíbrio hidreletrolítico prejudicado,2,Nutrição,5,Hidratação,Suscetibilidade a alterações nos níveis séricos de eletrólitos.,Ativo na NANDA-I 2024-2026
00492,Risco de equilíbrio do volume de líquidos prejudicado,2,Nutrição,5,Hidratação,"Suscetibilidade a trocas rápidas entre líquido intracelular e/ou extracelular, não incluindo o sangue.",Ativo na NANDA-I 2024-2026
00493,Processos de pensamento conturbados,5,Percepção/cognição,4,Cognição,"Perturbação nos processos mentais envolvidos no desenvolvimento de conceitos e categorias, raciocínio e solução de problemas.",Ativo na NANDA-I 2024-2026
00494,Identidade pessoal conturbada,6,Autopercepção,1,Autoconceito,Inabilidade de manter uma percepção integrada e completa de si mesmo.,Ativo na NANDA-I 2024-2026
00495,Síndrome da identidade familiar conturbada,6,Autopercepção,1,Autoconceito,Inabilidade de criar e manter uma percepção integrada e completa da família.,Ativo na NANDA-I 2024-2026
00496,Risco de síndrome da identidade familiar conturbada,6,Autopercepção,1,Autoconceito,Suscetibilidade à inabilidade de criar e manter uma percepção integrada e completa da família.,Ativo na NANDA-I 2024-2026
00497,Imagem corporal conturbada,6,Autopercepção,3,Imagem corporal,Imagem mental negativa do indivíduo em relação ao seu aspecto físico.,Ativo na NANDA-I 2024-2026
00499,Disposição para conhecimento de saúde melhorado,5,Percepção/cognição,4,Cognição,"Padrão de aquisição, processamento, compreensão e recordação de informações relacionadas a um tópico específico que afete o bem-estar da pessoa, que pode ser fortalecido.",Ativo na NANDA-I 2024-2026
00500,Risco de infecção de ferida cirúrgica,11,Segurança/proteção,1,Infecção,Suscetibilidade à invasão de organismos patogênicos no local da incisão.,Ativo na NANDA-I 2024-2026